1110008F13Rik,CAATTTC
1110008P14Rik,CCAATGC
1700019D03Rik,CTCGCAC
1700086L19Rik,CAACTTC
2810468N07Rik,CAAAAAC
2900055J20Rik,CTTGGTC
2900092D14Rik,CTTATCC
3110035E14Rik,CTAAACC
3632451O06Rik,CCACGTC
6330403K07Rik,CGTATTC
9130024F11Rik,CATCTAC
9430021M05Rik,CAGATCC
A730017C20Rik,CTCGTCC
A830018L16Rik,CTTTCGC
Aamp,CTGCGAC
Abat,CGTCTTC
Abhd3,CAGATAC
Acat2,CCCACTC
Ackr1,CGTAAAC
Acot13,CCCAATC
Acrbp,CCGTGCC
Acsbg1,CGGTACC
Acss1,CGGCTGC
Acta1,CGCAGCC
Acta2,CTGCGCC
Acvr1c,CGGTTCC
Adamts18,CAGCACC
Adamts2,CGGGAAC
Adamts3,CAAGTTC
Adarb2,CATATAC
Adcyap1,CAAGTAC
Adgra1,CAAATGC
Adgrg6,CAGTGCC
Adgrl2,CGTGGAC
Adk,CTTAAGC
Adm,CGACCTC
Adrbk2,CAGGACC
Aebp1,CTTGCCC
Afap1,CCGGTTC
Agrp,CAACTCC
Agt,CCGCTGC
Agtr1a,CGATGGC
Aif1,CCAAAGC
Ak1,CGGTTAC
Ak5,CACGCTC
Akr1c18,CGCTCCC
Akr1e1,CGCTATC
Aldh1l1,CGGACTC
Aldh3a2,CTCAAAC
Aldoc,CGAACCC
Alkbh5,CATATGC
Amph,CCGGTCC
Anapc13,CCCAGCC
Ankrd29,CGAATGC
Ano3,CGCCGGC
Anxa5,CCCCGTC
Apod,CGGTTGC
Apoe,CTCGCGC
Aprt,CTATGGC
Aqp4,CATCGGC
Arc,CAGCTTC
Arf5,CAGCGTC
Arhgap24,CCGTACC
Arhgap25,CCACTCC
Arl4a,CTTTGAC
Arl4d,CAAGGTC
Arpc2,CTCAGTC
Arpc3,CAGTGGC
Arpp19,CTCAAGC
Arpp21,CTCCCCC
Arx,CCCCGGC
Asb11,CCGCAAC
Ascl1,CCTGCAC
Ass1,CAGAGTC
Atp1a2,CAAACTC
Atp1b2,CGTTGTC
Atp2b4,CTTGAGC
Atp6ap1l,CACCATC
Atp6v0e,CCTAAAC
Atp9a,CACACCC
Atraid,CCCGAGC
Avp,CTGGTTC
AW549877,CCAACGC
B230216N24Rik,CCTAAGC
B2m,CGCAGAC
B3galt2,CTGTTCC
Bace2,CCAAAAC
Baiap2,CTTTGGC
Batf3,CAAAAGC
Bc1,CCGGCAC
Bcan,CACGGTC
Bcap29,CTGATGC
Bcar3,CCATCTC
Bcl6,CGAGTTC
Bdnf,CACTCCC
Bex1,CAACTGC
BFP,CATAGGC
Bglap3,CCATATC
Bhlhe40,CTAATTC
Blnk,CTTACTC
Bmp3,CGTGGGC
Brinp3,CGGGAGC
Bsg,CCTTGCC
Btbd10,CACGTCC
Btbd11,CACGCCC
Btbd3,CGGATTC
Btg2,CTGGATC
C1ql3,CAGGTAC
C1qtnf7,CAGGGAC
C730002L08Rik,CCCCTAC
Cacng3,CCGGATC
Cacng4,CGCAGGC
Cadps2,CCCCCAC
Calb1,CCAATCC
Calb2,CTTTCAC
Calca,CTTAAAC
Caln1,CGGGCTC
Camk2a,CTTCCCC
Camk2d,CTTTCTC
Camk2n1,CCCAAGC
Camk4,CCTTAGC
Car10,CTACGTC
Car12,CGAAGTC
Car2,CTAGACC
Car4,CCTAATC
Cartpt,CCGTCAC
Cav1,CATCGCC
Cbln2,CACCTTC
Cbln4,CCACGAC
Ccar2,CTTGTAC
Ccdc109b,CGCATTC
Ccdc80,CCGAACC
Cck,CCGGTGC
Cd164,CAAGACC
Cd200,CCATGGC
Cd302,CCGAGGC
Cd34,CGCCTGC
Cd63,CCGCGAC
Cd7,CGAATTC
Cd9,CGCGATC
Cdca7,CCGCGGC
Cdh13,CATCCCC
Cdh18,CACGGCC
Cdh9,CTGTGGC
Cdk4,CGAAAGC
Cdk6,CGGCAAC
Cend1,CTTGTCC
Cenpw,CCGTTCC
Chat,CTCACCC
Chchd3,CGGGGCC
Chl1,CGACAAC
Chodl,CATATCC
Chrm2,CTCTCCC
Chrna2,CTGTATC
Chrna6,CGCAGTC
Chrnb3,CTATCAC
Cidea,CAAGATC
Cited1,CGTTCAC
Cldn10,CAAACAC
Cldn5,CCGCGCC
Clic1,CCAATTC
Cmtm5,CATAGAC
Cnih3,CTGTCAC
Cnot6l,CTCCGTC
Cnp,CATATTC
Cnr1,CCCGATC
Cntn4,CATGTTC
Cntn6,CCGCACC
Cntnap4,CATTAGC
Coch,CTCTGCC
Col14a1,CCCCGAC
Col25a1,CAGGAAC
Col6a1,CTCATTC
Commd3,CGCAAGC
Coro6,CAATAAC
Cort,CACGTAC
Cox20,CCTGAGC
Cox6a2,CGTTAAC
Cplx1,CCGCATC
Cplx3,CCATGTC
Cpne2,CGTTCGC
Cpne4,CACGAGC
Cpne5,CAACAAC
Cpne6,CAGAAGC
Cpne7,CCCGTGC
Cpne9,CGGAGCC
Cre,CCACAAC
Crh,CACACTC
Crhbp,CAGGCAC
Crip2,CCCACGC
Crispld2,CGAGCCC
Cryab,CCTGTAC
Crym,CTTGTGC
Csrnp1,CTTATTC
Ctgf,CCTCCCC
Ctso,CCTGTCC
Ctsz,CAGGATC
Ctxn1,CGTGAAC
Ctxn3,CCAACCC
Cux2,CAGCCCC
Cxcl14,CATACAC
Cxxc4,CCCCCGC
Cyb561,CGGCATC
Cyb5r1,CCGCCTC
Cyb5r2,CAAGCGC
Cygb,CACGGAC
Cyp2j9,CGACGGC
Cyr61,CACGCGC
Dbi,CACTTTC
Dbpht2,CTATTGC
Dcdc2c,CGAGAGC
Dcn,CAACACC
Ddah1,CGGAATC
Ddit3,CGAAGAC
Ddit4l,CTTGCTC
Ddt,CTGCACC
Depdc7,CCATTAC
Deptor,CGAACAC
Dgkb,CCGTCCC
Dgkg,CCCGCAC
Dhrs3,CCCTCCC
Dkk3,CTGGCCC
Dkkl1,CCCATAC
Dlx1,CTGAAAC
Dlx2,CGACTAC
Dlx5,CGTCTAC
Dlx6os1,CGTTTAC
Dnaja2,CCTTGAC
Dnajc15,CTGGACC
Dner,CCGTCTC
Dok5,CGTCATC
Dtwd1,CTACACC
Dusp1,CCACCCC
Dusp14,CGTACAC
Dusp6,CACCAGC
Dync1i1,CCTGATC
Dync2li1,CTCGAAC
Dynlt3,CAGACCC
E430025E21Rik,CCACACC
Ednrb,CGATTCC
Eef1akmt1 ,CCTTCAC
Eef1e1,CTTTGTC
Eepd1,CCTGGGC
Efemp1,CTTACCC
Efhd2,CCTTTAC
Efna1,CCAGATC
Efna5,CTACCTC
Efr3a,CGGGCAC
Egln3,CTGTTTC
Egr1,CGGAGTC
Egr2,CGCTACC
Egr3,CGACATC
Egr4,CGGCCCC
Eid1,CTCCTAC
Eif4e,CATTAAC
Elavl2,CAGTACC
Elfn1,CTAATGC
Elmo1,CGCCATC
Elovl1,CATTATC
Elovl5,CACAACC
Elp3,CCTACCC
Enc1,CGCCTTC
Enpp2,CGAAGGC
Epha4,CTCCCGC
Epha7,CGACTTC
Ephx2,CAGAAAC
Ephx4,CGTGTGC
eRNA1,CAAATAC
eRNA2,CTGCCGC
eRNA3,CAATTGC
eRNA4,CGACACC
eRNA5,CACCGGC
Esd,CTACGGC
Etv1,CGGGCGC
Etv5,CCGTGTC
Exosc9,CTCGGAC
EYFP,CACGAAC
F3,CAGCAAC
Fabp7,CCCAAAC
Fam107a,CGACGTC
Fam131a,CCGATAC
Fam134a,CTCGTTC
Fam163b,CAGTCAC
Fam19a1,CTAGATC
Fam19a2,CTTTTCC
Fam3c,CTTACGC
Fam46a,CATGATC
Fam81a,CAATGTC
Fam84a,CAGATGC
Fam84b,CGATACC
Fbxl3,CGGCGGC
Fbxo11,CACGTGC
Fbxo44,CGGCGCC
Fbxw11,CTACCAC
Fdft1,CGTCACC
Fezf2,CCACAGC
Fgf12,CCGTGAC
Fgfr3,CTTCGTC
Fkbp1a,CAGCCTC
Flpo,CGACCAC
Flrt3,CAAGCAC
Fmnl1,CGCGAGC
Fmo1,CAGTTCC
Fos,CGCGTCC
Fosb,CGTCCAC
Fosl1,CATACTC
Fosl2,CTACAGC
Foxp1,CCTGCTC
Foxp2,CTTGGGC
Frem1,CAGGAGC
Frmd7,CGGACGC
Frmpd3,CCGGACC
Fst,CAAATCC
Fstl5,CATCAAC
Fto,CTGATCC
Fut9,CGCGTTC
Fxyd1,CCAAGTC
Fxyd6,CTTAGTC
Fxyd7,CACGATC
Gaa,CGCTGAC
Gabra5,CTGGTAC
Gabrd,CAGTGTC
Gabrg1,CTAGTGC
Gad1,CCACTAC
Gad2,CTAACGC
Gadd45a,CCAATAC
Galnt14,CTCGCCC
Galntl6,CCTCTCC
Gap43,CAATAGC
Garnl3,CGGCCAC
Gatm,CTCCGCC
Gda,CGGAAAC
Gde1,CGTTAGC
Gemin7,CCATGAC
Gfap,CTCCGAC
Gfra2,CTCTGGC
Gja1,CTATAAC
Gjb6,CTGAACC
Glt8d2,CGAGATC
Glul,CTTCGCC
Gm11549,CAAGCTC
Gm13629,CATAGCC
Gm15881,CGGAGGC
Gm2a,CGATTAC
Gm5643,CAGAGAC
Gm765,CTCAACC
Gmppa,CAATGAC
Gmpr,CAGCGCC
Gnai1,CATCTGC
Gnb5,CTGTAAC
Gng7,CGCAACC
Gpc3,CACCCAC
Gpd1,CTAAGAC
Gpm6b,CAATACC
Gpr151,CTAATCC
Gpr22,CGCCCCC
Gpr3,CGTCAGC
Gpr37l1,CATCAGC
Gpr88,CCTTAAC
Gprasp2,CCGGAAC
Gpx1,CTCATCC
Gpx3,CGGATGC
Gria1,CAGTGAC
Gria3,CTGCTCC
Grik1,CCTCATC
Grm3,CACTCTC
Grp,CCCTAAC
Grpr,CGGCTTC
Gsn,CTGCCAC
Gss,CAGTTAC
Gsta4,CCTCGGC
Gstm1,CCACATC
Gstm5,CCCTGAC
Gstm6,CGCTGCC
Gucy1b3,CGCCAGC
Hacd3,CCCTTCC
Hadhb,CCAGCGC
Hapln1,CCAGCCC
Has2,CATTGAC
Hax1,CTAGAGC
Hcrtr1,CACGTTC
Hcrtr2,CGGACCC
Hdac9,CTAGCTC
Hddc2,CAACGCC
Herc3,CCTCGCC
Hhatl,CGCGCTC
Hlf,CACAGGC
Hmgcr,CGGATCC
Hmgcs1,CGTCGTC
Hmgn1,CTGATTC
Hn1,CGCCCGC
Hnrnph2,CTCTTGC
Homer1,CGGACAC
Hpca,CGAGGGC
Hpcal1,CCCAGTC
Hpcal4,CGCCAAC
Hs3st1,CTACCGC
Hs3st4,CAAGTGC
Hsd11b1,CAGCGAC
Hsd17b12,CAAGTCC
Hsd3b7,CACTGCC
Hspa2,CTGGAGC
Hspd1,CACCGCC
Htr2a,CGTACCC
Htr3a,CGAGGAC
Htr5b,CTAGTCC
Htra1,CCACTTC
Id2,CTGACTC
Id3,CTATCTC
Idi1,CAGTCGC
Ifi27,CATCCAC
Ifit2,CGTGTAC
Ifit3,CGCATAC
Ifitm2,CCCGTAC
Igf1,CGTAACC
Igfbp4,CCAGGGC
Igfbp6,CGTGGTC
Igsf3,CTAGGCC
Igtp,CGAGCTC
Il1rapl2,CCATTCC
Immp1l,CTCACTC
Ina,CCGTAAC
Inhba,CGTATGC
Inpp4b,CTAGGGC
Insl6,CCACCTC
Ipcef1,CTGGGGC
Isca2,CTCCCTC
Itih5,CATGCCC
Itm2a,CCTATAC
Itm2c,CCATCGC
Junb,CTGACAC
Kcna1,CGATAGC
Kcnab1,CAGCTCC
Kcnc2,CCTGACC
Kcnip1,CCTCTTC
Kcnip2,CCGAGAC
Kcnip3,CGGGCCC
Kcnk2,CCTTGGC
Kcnmb4,CCGTTAC
Kcns3,CTGTGTC
Kcnv1,CGCATGC
Kctd4,CGCACGC
Kctd6,CTACTTC
Kctd8,CGATGTC
Kif5a,CTTAATC
Kifc2,CAGTAAC
Kit,CGCCGTC
Klf10,CCAGAAC
Klhl13,CACCTGC
Klhl14,CTAACTC
Klhl5,CTAAATC
Klk8,CCGTTGC
Krt12,CCTTCGC
Krt18,CCCCCTC
Krt73,CGGCCTC
Lamp5,CAACCTC
Lamtor5,CGCTGGC
Laptm4a,CAAAGCC
Laptm4b,CTGGGCC
Lcat,CTATATC
Ldb2,CTGGAAC
Lgals1,CGTGACC
Lgmn,CCTAACC
Lhfpl3,CACACGC
Lhfpl5,CTCTGAC
Lhx1,CGAGTAC
Lhx6,CTGTCCC
Lims2,CGGGTGC
Lin7b,CCAACTC
Lipg,CTTGTTC
Lman1l,CGGTAAC
Lmcd1,CAGGTCC
Lmo2,CTGCGGC
Lmo3,CGAAACC
Lmo4,CAGGCCC
Lpar1,CAGATTC
Lrrc4c,CAACAGC
Lrrc61,CATTACC
Lrrtm4,CCTCGAC
Luzp2,CAACCCC
Lxn,CCCACCC
Ly6d,CCGCTAC
Ly6e,CGGCTAC
Ly6g6e,CGATGAC
Lypd1,CGAGTGC
Lypd6,CCTAGCC
Lypd6b,CTAGGTC
Mab21l1,CACTATC
Maf,CGGATAC
Mal,CGTTGGC
Mal2,CTCGATC
Man1a,CGATCCC
Map2k1,CTAAGCC
Mapk3,CGTCGCC
Mapre2,CCAGTCC
Marcks,CGCGGTC
Mas1,CCGGGGC
Mat2b,CTCCAGC
Matn2,CTACTCC
Mbp,CTAATAC
Mc4r,CCCCATC
Mcee,CATCCGC
mCherry,CTCGGCC
Mcts1,CTAGTAC
Mdga1,CGCCGAC
Med10,CGGTCCC
Med21,CAAACGC
Mef2c,CGTTTGC
Megf10,CCCCTGC
Mei1,CGTGCAC
Mettl14,CGGTATC
Mettl23,CCCCTCC
Mettl3,CCGCCAC
Mfge8,CACCCGC
Mgat4c,CTACAAC
Mgp,CTCCTGC
Mia,CGTGCTC
Micu1,CGTGAGC
Mien1,CGCGTGC
Mmd2,CGTACGC
Mmp16,CGCACTC
Mobp,CAACGGC
Mospd1,CCAGGCC
Mpi,CCCATCC
Mrap2,CGTGTCC
Mrpl13,CGAGCAC
Mrpl22,CACTGTC
Mrpl33,CTGCTTC
Mrps18c,CTTAGAC
Mrps28,CTTTATC
Mrps5,CGGCCGC
Msantd2,CACATAC
Msmo1,CACTGGC
Mt1,CACCGTC
Mt2,CACATTC
mTFP,CGATAAC
Mtfp1,CACCGAC
Mybpc1,CTGCAAC
Myh1,CTCGGTC
Myh4,CGTAAGC
Myh8,CTTAGGC
Myl4,CGATGCC
Mylk,CGCCACC
Myo1c,CTACATC
Myo5b,CGACCCC
Naa38,CGCGCAC
Nat8f1,CGAGTCC
Ncdn,CCAGAGC
Ncoa7,CTCTTTC
Ndfip1,CATAAGC
Ndn,CACGACC
Ndnf,CGTATAC
Ndrg2,CCCGGGC
Ndst4,CCGCCGC
Ndufaf2,CAGGGTC
Ndufb2,CAAGGAC
Ndufs1,CCTGTTC
Ndufs2,CCTACAC
Necab3,CTTTAAC
Nectin3,CAAGGCC
Nectin4,CATTTAC
Nefl,CTTTTAC
Nek7,CGGCACC
Nell1,CCCGACC
Nell2,CGTAGCC
Neurod1,CCTTACC
Neurod2,CCGCTCC
Neurod6,CGAAATC
Neurog2,CCGAGTC
Nfia,CTTCACC
Nfib,CCAGTAC
Ngb,CTGTGAC
Ngf,CTATTTC
Nipsnap3b,CACTTGC
Nkain4,CAATATC
Nkx2-1,CTTCAAC
Nnat,CTCGACC
Nos1,CAGCTGC
Nov,CCCCACC
Npas1,CGCTCAC
Npas4,CCTTTGC
Npdc1,CCGGTAC
Nptx1,CCCTGCC
Nptx2,CTCCTTC
Npy,CCCTACC
Npy2r,CACTTAC
Nr1d1,CTGTTAC
Nr2f2,CGGCGAC
Nr4a1,CTTAACC
Nr4a2,CGTTACC
Nr5a1,CGCGGAC
Nrep,CCCGTCC
Nrg1,CAGGTTC
Nrgn,CTATTCC
Nrip2,CAGAGCC
Nrip3,CCTCGTC
Nrm,CTCACAC
Nrn1,CCGTTTC
Nrp1,CTCAGGC
Nrsn1,CAGTTGC
Nrsn2,CTACGCC
Nts,CATGGAC
Ntsr1,CCTATCC
Ntsr2,CTAAAAC
Nudt2,CCTACTC
Nudt4,CTATACC
Nxph1,CCCTTGC
Nxph2,CGTAATC
Nxph4,CTGCGTC
Obox3,CTACTAC
Ogfrl1,CACAGAC
Olfm3,CCAGGAC
Oprm1,CCGATTC
Osbpl1a,CCGATGC
Osgin2,CTGACGC
Otof,CCTGTGC
Otub2,CATTGTC
Oxt,CTGAAGC
Pacsin2,CGACAGC
Palmd,CCGCGTC
Pamr1,CGACTCC
Pantr1,CTGGCGC
Papss1,CCCGCGC
Parm1,CGCTTTC
Pax6,CTGGGTC
Pbx3,CTCATAC
Pcbd1,CATGTGC
Pcdh15,CGCCCAC
Pcdh8,CGAACGC
Pcdha1,CTCAGAC
Pcdha10,CTCTAAC
Pcdha11,CCAGTTC
Pcdha12,CTATCCC
Pcdha2,CGGAGAC
Pcdha3,CCGACTC
Pcdha5,CCTTCCC
Pcdha7,CTCTGTC
Pcdha8,CCTAGAC
Pcdha9,CTTACAC
Pcdhac1,CGAATAC
Pcdhac2,CGACGCC
Pcdhb1,CGATTTC
Pcdhb10,CTGCATC
Pcdhb11,CATGTCC
Pcdhb12,CGACTGC
Pcdhb14,CAAACCC
Pcdhb15,CCGAAGC
Pcdhb17,CCCTCGC
Pcdhb18,CCTTTCC
Pcdhb19,CGTCGAC
Pcdhb2,CGCAATC
Pcdhb20,CTGAGGC
Pcdhb3,CTTCTGC
Pcdhb4,CAACGAC
Pcdhb5,CAATCAC
Pcdhb6,CACAGTC
Pcdhb7,CTGCCCC
Pcdhb8,CATGGCC
Pcdhb9,CAGTCTC
Pcdhga10,CAACCAC
Pcdhga12,CCACCGC
Pcdhga2,CTGTCTC
Pcdhga3,CATTGCC
Pcdhga5,CTTCTAC
Pcdhga6,CGTGATC
Pcdhga7,CTCGCTC
Pcdhga8,CGGAAGC
Pcdhga9,CTTCTTC
Pcp4,CCGTCGC
Pcp4l1,CGCTTCC
Pcsk2,CTCCCAC
Pcsk5,CACTAAC
Pde11a,CACCACC
Pde1a,CTCTAGC
Pde1c,CTGGTGC
Pdgfra,CAGGCTC
Pdia4,CGTAGTC
Pdlim1,CCGACCC
Pdlim3,CACAAGC
Pdp1,CGGGTCC
Pdxk,CATCTCC
Pdyn,CTCCTCC
Pdzrn3,CCGATCC
Pea15a,CGGCAGC
Penk,CTGTAGC
Per3,CCCTATC
Pfdn4,CGTACTC
Pfkl,CTCGTAC
Pfn1,CGTCCTC
Pgm2l1,CCCCAAC
Pgr,CTTGGCC
Phactr1,CAAGAGC
Phkg2,CATAGTC
Phlda1,CGCGAAC
Phyhip,CCTATTC
Pip5k1b,CCCTCAC
Pitpnc1,CATTTCC
Pkig,CGCTGTC
Pla2g4a,CCGTATC
Pla2g7,CGGGATC
Plb1,CGAGACC
Plcxd2,CGTCTGC
Plcxd3,CACGCAC
Plekhb1,CGCCGCC
Plk2,CTAACAC
Pllp,CATGGGC
Plp1,CTATGCC
Plpp3,CTTTGCC
Plpp4,CCCATTC
Pls3,CACGGGC
Pmp22,CGTAGGC
Pnck,CGTGCCC
Pnoc,CCCACAC
Pnpo,CAAAATC
Polr2h,CTGAGCC
Pon2,CTAACCC
Pou3f4,CAATCTC
Ppa2,CGACCGC
Ppil3,CAATTAC
Ppm1h,CCCCGCC
Ppp1r1b,CGTGCGC
Ppp1r3c,CTGGCTC
Ppp3cb,CCTGGAC
Prc1,CACAATC
Prdx4,CGAAAAC
Prdx6,CGCCCTC
Prkcg,CCAAACC
Prlr,CCTTATC
Prmt2,CTTGATC
Prok2,CTTCGGC
Prss22,CAAAGAC
Prss23,CACAGCC
Psat1,CCATCAC
Psma4,CCCGCTC
Psmb4,CGGGTTC
Ptchd1,CGATCAC
Ptchd2,CCCGTTC
Pter,CAATGCC
Ptgds,CCTGGCC
Ptgfr,CCAGGTC
Ptgs2,CTGGGAC
Pthlh,CGCTCTC
Ptk2,CTTCCTC
Ptk2b,CCGGCCC
Ptn,CCCGCCC
Ptpn2,CCTAGGC
Ptprk,CTATGTC
Ptprz1,CTAGGAC
Pvalb,CCCCAGC
Qk,CCCTCTC
Qpct,CATCACC
Qrfpr,CTAGCCC
Rab15,CTGTCGC
Rab26,CAGTTTC
Rab27b,CGAATCC
Rab31,CCGTGGC
Rab3b,CCAGCTC
Rab3c,CCTCAGC
Rab7,CGCCTCC
Rac1,CTGCCTC
Ralyl,CTTCCGC
Ramp3,CTAAGGC
Rap1gds1,CAATCCC
Rapgef6,CGCTTGC
Rasgef1b,CGGCGTC
Rasgrf1,CACTGAC
Rasgrf2,CCAAATC
Rasgrp1,CAGACAC
Rasl11a,CATTGGC
Rbfox3,CCTGAAC
Rbm18,CATACGC
Rbp4,CGCGCCC
Rcan2,CAAAGGC
Reln,CCATCCC
Rerg,CCGGCTC
Resp18,CATGTAC
Rfc2,CGCAAAC
Rgs10,CATCGTC
Rgs12,CCCATGC
Rgs2,CGGTCGC
Rgs4,CTATAGC
Rgs8,CGTCCGC
Rgs9,CGACGAC
Rhebl1,CATCCTC
Rida,CACATGC
Rit2,CAGCCAC
Rlbp1,CTCAGCC
Rln1,CCGGGTC
Rnd2,CGAGCGC
Rnd3,CCACGCC
Rnf13,CATCGAC
Rnh1,CATCTTC
Rorb,CGTCAAC
Rpp21,CTTGCAC
Rpp25,CTAGAAC
Rprm,CGAGAAC
Rps12,CGGTAGC
Rps2,CCTCAAC
Rsph9,CGGTGGC
Rspo1,CAAAGTC
Rspo2,CTAGCAC
Rwdd2a,CCAGTGC
S100a1,CTGTACC
S100a10,CCCTAGC
S100a16,CAGCGGC
S100b,CCATTGC
S1pr1,CAAGGGC
Sat1,CTACCCC
Satb2,CTACTGC
Sc5d,CTTTCCC
Sccpdh,CGGAACC
Scd2,CTTTTTC
Scg2,CGATTGC
Scg3,CCAAGGC
Scml4,CTTTAGC
Scnn1a,CTGTGCC
Scrg1,CGTCGGC
Sdc4,CACTCAC
Sdcbp,CCGAATC
Sdhaf4,CGGTCAC
Sec11c,CGCTAGC
Selm,CAATGGC
Sema3c,CAACATC
Sema3e,CATGGTC
Sema5b,CGAAGCC
Sepp1,CGCGGCC
Sept4,CTCGGGC
Serpinb11,CGGTGAC
Serpine1,CGTTCCC
Serpine2,CCGTAGC
Serpini1,CTCGAGC
Sgk1,CGAGGCC
Sgpp2,CTGATAC
Sh3bgrl,CCACGGC
Sh3bgrl3,CATAACC
Sirt2,CCCGGAC
Sirt3,CCTCCAC
Skap1,CTCTTCC
Skil,CGTATCC
Sla,CTCTACC
Slc17a6,CTCTTAC
Slc17a7,CAATTCC
Slc18a3,CCTGGTC
Slc1a1,CGCACAC
Slc1a2,CAGGGGC
Slc1a3,CGCTTAC
Slc20a1,CTCCACC
Slc24a2,CTTCATC
Slc25a11,CCAAGCC
Slc25a17,CGCACCC
Slc25a18,CTGCTAC
Slc25a36,CTTGCGC
Slc2a13,CGGTGCC
Slc30a9,CTGTTGC
Slc32a1,CGCGTAC
Slc38a3,CACCTAC
Slc50a1,CCAAGAC
Slc5a5,CGTAGAC
Slc5a7,CCCTTTC
Slc6a1,CGTTGAC
Slc6a11,CGTTTTC
Slc6a15,CTCCAAC
Slc7a3,CTCAATC
Slc7a4,CCGACGC
Slco1c1,CCTATGC
Sln,CCATGCC
Smad3,CATGCAC
Smim18,CATTCTC
Smim8,CCTCACC
Snca,CACCCTC
Sncg,CAGTATC
Snhg4,CAACTAC
Snrpb2,CAGAATC
Snrpe,CCATACC
Snrpg,CGCCTAC
Snurf,CTCGTGC
Snx10,CCCGGCC
Sorcs3,CCTACGC
Sostdc1,CCTCCGC
Sox2ot,CGGGGAC
Sox6,CGATATC
Sox9,CGGTCTC
Sp8,CGGGGGC
Sp9,CCGACAC
Sparc,CCTGCGC
Sparcl1,CAGACTC
Spink8,CGTGGCC
Spint2,CAAATTC
Spock3,CTAAGTC
Spon1,CTAGCGC
Spp1,CATACCC
Spry4,CCGGGCC
Sst,CCTTGTC
Sstr2,CTAGTTC
Sstr4,CTGAATC
St3gal5,CCCGGTC
St3gal6,CCTTTTC
St6galnac5,CCACCAC
Stac,CCCAGGC
Stat4,CCTCTGC
Stmn4,CGATCTC
Stx12,CGGTGTC
Stx1a,CAATCGC
Sulf2,CCCTTAC
Sult2b1,CATTCAC
Sv2b,CATTCCC
Syn1,CCACTGC
Syndig1,CCGCAGC
Syndig1l,CCGCCCC
Synpr,CACTTCC
Syt10,CATGAGC
Syt17,CGATCGC
Syt6,CAAGCCC
Tac1,CACCTCC
Tac2,CTGAGTC
Tacc1,CAACCGC
Tacr1,CACATCC
Tacr3,CATAATC
Tacstd2,CATGAAC
Tbr1,CCATAAC
Tceal1,CACTCGC
Tceal5,CTCTCAC
Tcerg1l,CTATCGC
Teddm3,CTATTAC
Tenm2,CGCTAAC
Th,CATTTTC
Thrsp,CGTTGCC
Thsd7a,CTGCAGC
Thsd7b,CGGGTAC
Thumpd3,CAGCAGC
Timm8a1,CAGGGCC
Timp3,CAAAACC
Timp4,CATTCGC
Tle4,CCCAGAC
Tm7sf2,CGGGACC
Tmbim6,CCCTGGC
Tmeff1,CGTCTCC
Tmeff2,CCGGGAC
Tmem100,CGCGGGC
Tmem130,CTTATAC
Tmem132c,CTGGTCC
Tmem159,CATAAAC
Tmem176a,CGGTTTC
Tmem176b,CCTCTAC
Tmem179b,CCAACAC
Tmem215,CGCGACC
Tmem258,CAGTCCC
Tmem55a,CACTAGC
Tmem60,CAGTAGC
Tmem91,CCATTTC
Tmem97,CATTTGC
Tmsb10,CTTCAGC
Tmtc4,CAGAACC
Tmx1,CTAAAGC
Tnfaip6,CGAACTC
Tnfaip8l3,CGGCTCC
Tnfrsf12a,CACTACC
Tnmd,CCCGAAC
Tnni3k,CTCATGC
Tomm22,CGGGGTC
Tox,CAAGAAC
Tox3,CTGAGAC
Tpbg,CAGAGGC
Tpd52l1,CACAAAC
Tph2,CTTTTGC
Tpm1,CCTTCTC
Tpm2,CCGGAGC
Traip,CAGCATC
Trap1,CATCATC
Trappc1,CAGCTAC
Trappc2l,CACCCCC
Trf,CTGACCC
Trim32,CCTCCTC
Trp53i11,CCGCTTC
Trpv6,CGTTCTC
Tsc22d1,CCCCTTC
Tsc22d3,CCAGACC
Tshz2,CTTATGC
Tsnax,CCCAACC
Tspan12,CTCTCGC
Tspan13,CGTTATC
Tspan6,CAGGTGC
Ttyh1,CGTCCCC
Tuba8,CGCTCGC
Tubb4b,CAGACGC
Tusc3,CTTTACC
Twistnb,CCTAGTC
Uap1,CTACGAC
Ube2e3,CAGCCGC
Ucma,CATGCGC
Ucp2,CCGGCGC
Ugdh,CCCTGTC
Urod,CTCACGC
Usp46,CTTCTCC
Vamp1,CTCCGGC
Vgf,CCAGCAC
Vip,CTTCCAC
Vsig2,CTTGAAC
Vstm2a,CTATGAC
Wdpcp,CCGAGCC
Wfs1,CGTTTCC
Whrn,CTGGCAC
Wls,CGTGTTC
Wsb2,CTCTATC
Wt1,CTTGGAC
Ythdc1,CACCAAC
Ythdc2,CTCCATC
Ythdf1,CTTGACC
Ythdf2,CATGACC
Ythdf3,CAACGTC
Zcchc12,CTTAGCC
Zdhhc24,CTGCTGC
Zfand6,CAGGCGC
Zfp57,CATGCTC
Zfp637,CGCATCC
Zfp975,CCGAAAC
Zmat4,CTTCGAC
Zmym1,CCATAGC
Znhit3,CGAGGTC
Znrd1,CCTGCCC
