Acss1,CAAATTC
Adcyap1,CAAAGGC
Adgrl2,CAAACCC
Aqp4,CAATATC
Arc,CAATTAC
Arf5,CAATGCC
Arhgap24,CAATCGC
Arl4d,CAAGAGC
Arx,CAAGTCC
Batf3,CAAGGAC
Bcl6,CAAGCTC
Bdnf,CAACACC
Bgn,CAACTGC
Btg2,CAACGTC
Calb2,CAACCAC
Car12,CATAATC
Car4,CATAGCC
Cbln4,CATACGC
Cck,CATTAAC
Cdh13,CATTTTC
Cdk6,CATTGGC
Chat,CATTCCC
Chodl,CATGACC
Chrna6,CATGTGC
Col6a1,CATGGTC
Cplx3,CATGCAC
Cpne5,CATCAGC
Crh,CATCGAC
Crispld2,CATCCTC
Csrnp1,CAGAAGC
Ctgf,CAGATCC
Ctxn3,CAGACTC
Cux2,CAGTACC
Cxcl14,CAGTTGC
Ddit4l,CAGTGTC
Deptor,CAGTCAC
Egr1,CAGGAAC
Egr2,CAGGTTC
Egr4,CAGCATC
Enpp2,CAGCTAC
eRNA1,CACAACC
eRNA2,CACATGC
eRNA3,CACAGTC
eRNA4,CACTAGC
eRNA5,CACTTCC
Fam19a1,CACTCTC
Flt1,CACGTAC
Fos,CACCAAC
Fosb,CACCTTC
Fosl1,CTAAATC
Fosl2,CTAATAC
Foxp2,CTAAGCC
Frmd7,CTAACGC
Frmpd3,CTATAAC
Gad1,CTATTTC
Gad2,CTATGGC
Gda,CTATCCC
Gpc3,CTAGACC
Gpr3,CTAGTGC
Gpx3,CTAGGTC
Homer1,CTAGCAC
Hsd11b1,CTACAGC
Htr3a,CTACTCC
Igf1,CTACGAC
Igtp,CTACCTC
Itgam,CTTATTC
Junb,CTTAGGC
Kcna1,CTTACCC
Kcnip2,CTTTATC
Kcnk2,CTTTTAC
Lhx6,CTTTGCC
Lmo2,CTTTCGC
Mab21l1,CTTGAGC
Mdga1,CTTGGAC
Mgp,CTTGCTC
Mog,CTTCACC
Mybpc1,CTTCTGC
Myh8,CTTCGTC
Myl4,CTTCCAC
Mylk,CTGAACC
Myo1c,CTGATGC
Ndnf,CTGAGTC
Nectin3,CTGACAC
Nectin4,CTGTAGC
Ngb,CTGTTCC
Nos1,CTGTGAC
Nov,CTGTCTC
Npas4,CTGGATC
Nptx2,CTGGTAC
Npy,CTGCAAC
Nr4a2,CTGCTTC
Nrn1,CTCAAGC
Obox3,CTCATCC
Osgin2,CTCAGAC
Otof,CTCACTC
Parm1,CTCTACC
Pax6,CTCTTGC
Pcdhac1,CTCTGTC
Pcdhac2,CTCTCAC
Pcdhgc3,CTCGAAC
Pcdhgc4,CTCGTTC
Pcdhgc5,CTCCATC
Pcp4,CTCCTAC
Pde1a,CGAAAGC
Pde1c,CGAATCC
Pdgfra,CGAAGAC
Pdzrn3,CGAACTC
Penk,CGATACC
Plcxd2,CGATTGC
Pnoc,CGATGTC
Ppm1h,CGATCAC
Prok2,CGAGAAC
Prss22,CGAGTTC
Ptgs2,CGACATC
Pthlh,CGACTAC
Pvalb,CGTAACC
Qrfpr,CGTATGC
Rasgrf2,CGTAGTC
Reln,CGTACAC
Rerg,CGTTAGC
Rgs10,CGTTTCC
Rgs12,CGTTGAC
Rgs2,CGTTCTC
Rorb,CGTGATC
Rprm,CGTGTAC
Rspo2,CGTCAAC
Scnn1a,CGTCTTC
Sema3c,CGGAAAC
Sema3e,CGGATTC
Serpinb11,CGGTATC
Serpine1,CGGTTAC
Sla,CGCAATC
Slc17a7,CGCTAAC
Slc25a36,CGCTTTC
Slc5a7,CCAAACC
Smad3,CCAATGC
Sncg,CCAAGTC
Spp1,CCAACAC
Sst,CCATAGC
Stac,CCATTCC
Sulf2,CCATGAC
Synpr,CCATCTC
Syt17,CCAGATC
Syt6,CCAGTAC
Tacr1,CCACAAC
Tacr3,CCACTTC
Tacstd2,CCTAAGC
Tbr1,CCTATCC
Tcerg1l,CCTAGAC
Th,CCTACTC
Thsd7a,CCTTACC
Tnfaip6,CCTTTGC
Tnfaip8l3,CCTTGTC
Tnmd,CCTTCAC
Tpbg,CCTGAAC
Tph2,CCTGTTC
Ucma,CCTCATC
Vgf,CCTCTAC
Vip,CCGAATC
Wt1,CCGTAAC